codigo|grupo|area|subarea|assunto|concluido
1|Prova 1 - Conhecimentos Gerais|LINGUA PORTUGUESA|Interpretacao e gramatica|Interpretacao de texto; ortografia oficial; acentuacao grafica; pontuacao|False
2|Prova 1 - Conhecimentos Gerais|LINGUA PORTUGUESA|Classes de palavras|Substantivo, adjetivo, numeral, pronome, verbo, adverbio, preposicao e conjuncao: emprego e sentido|False
3|Prova 1 - Conhecimentos Gerais|LINGUA PORTUGUESA|Vozes verbais|Vozes verbais|False
4|Prova 1 - Conhecimentos Gerais|LINGUA PORTUGUESA|Concordancia e regencia|Concordancia verbal e nominal; regencia verbal e nominal|False
5|Prova 1 - Conhecimentos Gerais|LINGUA PORTUGUESA|Sintaxe|Processos de coordenacao e subordinacao; ocorrencia de crase|False
6|Prova 1 - Conhecimentos Gerais|LINGUA PORTUGUESA|Semantica|Sinonimos e antonimos; sentido proprio e figurado das palavras|False
7|Prova 1 - Conhecimentos Gerais|LINGUA PORTUGUESA|Redacao|Reconhecimento de frases corretas e incorretas|False
1|Prova 1 - Conhecimentos Gerais|RACIOCINIO CRITICO, LOGICO E ESTATISTICA|Raciocinio critico|Elaboracao de argumentos; avaliacao da argumentacao; formulacao e avaliacao de planos de acao|False
2|Prova 1 - Conhecimentos Gerais|RACIOCINIO CRITICO, LOGICO E ESTATISTICA|Construcao de argumentos|Estrutura basica de argumento; conclusoes apropriadas; hipoteses subjacentes; hipoteses explicativas; analogia entre argumentos|False
3|Prova 1 - Conhecimentos Gerais|RACIOCINIO CRITICO, LOGICO E ESTATISTICA|Avaliacao de argumentos|Fatores que reforcam ou enfraquecem a argumentacao; erros de raciocinio; metodo de exposicao de razoes|False
4|Prova 1 - Conhecimentos Gerais|RACIOCINIO CRITICO, LOGICO E ESTATISTICA|Plano de acao|Conveniencia, eficacia e eficiencia de planos; fatores de sucesso; hipoteses subjacentes|False
5|Prova 1 - Conhecimentos Gerais|RACIOCINIO CRITICO, LOGICO E ESTATISTICA|Raciocinio logico|Proposicoes; conectivos; equivalencias; argumentos; diagrama e conjuntos|False
6|Prova 1 - Conhecimentos Gerais|RACIOCINIO CRITICO, LOGICO E ESTATISTICA|Estatistica descritiva|Graficos, tabelas, medidas de posicao e de variabilidade|False
7|Prova 1 - Conhecimentos Gerais|RACIOCINIO CRITICO, LOGICO E ESTATISTICA|Probabilidades|Conceito, axiomas e distribuicoes: binomial, normal, Poisson, qui-quadrado, t de Student e F|False
8|Prova 1 - Conhecimentos Gerais|RACIOCINIO CRITICO, LOGICO E ESTATISTICA|Inferencia e amostragem|Inferencia estatistica; amostras casuais e nao casuais; processos de amostragem; estimativas de parametros|False
9|Prova 1 - Conhecimentos Gerais|RACIOCINIO CRITICO, LOGICO E ESTATISTICA|Intervalos e testes|Intervalos de confianca; testes de hipoteses para medias e proporcoes|False
10|Prova 1 - Conhecimentos Gerais|RACIOCINIO CRITICO, LOGICO E ESTATISTICA|Correlacao e regressao|Correlacao e regressao|False
1|Prova 1 - Conhecimentos Gerais|ECONOMIA E FINANCAS PUBLICAS|Economia da tributacao|Necessidade economica; impostos, taxas e contribuicao de melhoria; impostos indiretos ad valorem, especificos, valor adicionado e excise tax|False
2|Prova 1 - Conhecimentos Gerais|ECONOMIA E FINANCAS PUBLICAS|Tributacao e eficiencia|Eficiencia de Pareto; peso morto; elasticidades; regra de Ramsey; curva de Laffer; eficiencia versus equidade; capacidade contributiva e criterio do beneficio|False
3|Prova 1 - Conhecimentos Gerais|ECONOMIA E FINANCAS PUBLICAS|Incidencia e politica tributaria|Incidencia economica; efeitos distributivos; tributacao e estruturas de mercado; efeitos sobre consumo, poupanca e gasto; estabilizadores automaticos|False
4|Prova 1 - Conhecimentos Gerais|ECONOMIA E FINANCAS PUBLICAS|Financas publicas e federalismo|Modelo de Tiebout; federalismo otimo; impostos sobre valor adicionado vs vendas; impostos regressivos, proporcionais e progressivos; cumulativos vs nao cumulativos|False
5|Prova 1 - Conhecimentos Gerais|ECONOMIA E FINANCAS PUBLICAS|Microeconomia|Oferta, demanda e equilibrio; estatica comparativa; restricao orcamentaria; utilidade; escolha do consumidor; impostos e subsidios; elasticidades; bens normais e inferiores; excedente do consumidor e produtor|False
6|Prova 1 - Conhecimentos Gerais|ECONOMIA E FINANCAS PUBLICAS|Teoria da producao|Maximizacao de lucros; isoquantas; curva de possibilidades de producao; rendimentos decrescentes; curto e longo prazos; custos e oferta|False
7|Prova 1 - Conhecimentos Gerais|ECONOMIA E FINANCAS PUBLICAS|Estruturas de mercado|Concorrencia perfeita; monopolio; falhas de mercado; externalidades; teorema de Coase; custos de transacao; Pigou; licencas negociaveis|False
8|Prova 1 - Conhecimentos Gerais|ECONOMIA E FINANCAS PUBLICAS|Bens publicos e recursos comuns|Bens rivais e nao rivais, excludentes e nao excludentes; problema do carona; recursos comuns e tragedia dos comuns|False
9|Prova 1 - Conhecimentos Gerais|ECONOMIA E FINANCAS PUBLICAS|Macroeconomia|Fluxo circular da renda; contabilidade nacional; PIB real e nominal; deflator do PIB; inflacao e indices|False
10|Prova 1 - Conhecimentos Gerais|ECONOMIA E FINANCAS PUBLICAS|Mercado monetario e financeiro|Demanda e oferta de moeda; politica monetaria; Bacen; multiplicador bancario; curva LM; taxa de juros real e nominal|False
11|Prova 1 - Conhecimentos Gerais|ECONOMIA E FINANCAS PUBLICAS|IS-LM e politica economica|Curva IS; modelo IS-LM; politica fiscal; politica monetaria; oferta e demanda agregada; deficits, efeito expulsao e multiplicador keynesiano|False
12|Prova 1 - Conhecimentos Gerais|ECONOMIA E FINANCAS PUBLICAS|Economia aberta|Taxa de cambio nominal, real e efetiva; paridade do poder de compra; balanca comercial e fluxo de capitais; regimes de cambio; bens tradeables e non-tradeables; choques de oferta|False
1|Prova 1 - Conhecimentos Gerais|DIREITO CONSTITUCIONAL I|Teoria do Estado e constitucionalismo|Conceitos; principios do Estado Democratico de Direito; evolucao historica do constitucionalismo brasileiro|False
2|Prova 1 - Conhecimentos Gerais|DIREITO CONSTITUCIONAL I|Direito constitucional e normas|Conceito, objeto, fontes; supremacia da Constituicao; normas constitucionais: conceito, forma, conteudo, finalidade, estrutura logica, classificacao, eficacia e aplicacao|False
3|Prova 1 - Conhecimentos Gerais|DIREITO CONSTITUCIONAL I|Hermenautica constitucional|Metodos e principios de interpretacao; regras materialmente e formalmente constitucionais|False
4|Prova 1 - Conhecimentos Gerais|DIREITO CONSTITUCIONAL I|Poder Constituinte e federalismo|Conceito, finalidade, titularidade e especies; federalismo no Brasil|False
5|Prova 1 - Conhecimentos Gerais|DIREITO CONSTITUCIONAL I|Direitos e garantias|Direitos e deveres individuais e coletivos; direitos sociais; nacionalidade; direitos politicos; partidos politicos|False
6|Prova 1 - Conhecimentos Gerais|DIREITO CONSTITUCIONAL I|Remedios constitucionais|Habeas corpus, mandado de seguranca, direito de peticao, mandado de injuncao, acao popular, acao civil publica, habeas data|False
7|Prova 1 - Conhecimentos Gerais|DIREITO CONSTITUCIONAL I|Organizacao do Estado|Organizacao politico-administrativa; separacao de poderes; competencias da Uniao, Estados, DF e Municipios; intervencao; administracao publica e servidores|False
8|Prova 1 - Conhecimentos Gerais|DIREITO CONSTITUCIONAL I|Organizacao dos poderes|Poder Legislativo; reforma da Constituicao; clausulas petreas; processo legislativo; Poder Executivo; Poder Judiciario|False
9|Prova 1 - Conhecimentos Gerais|DIREITO CONSTITUCIONAL I|Controle de constitucionalidade|Controle difuso e concentrado; ADI, ADC, ADO, ADPF; sumula vinculante; repercussao geral|False
10|Prova 1 - Conhecimentos Gerais|DIREITO CONSTITUCIONAL I|Funcoes essenciais a justica|Ministerio Publico; advocacia publica; advocacia e defensoria publica|False
11|Prova 1 - Conhecimentos Gerais|DIREITO CONSTITUCIONAL I|Defesa do Estado e seguranca|Estado de Defesa e Estado de Sitio; forcas armadas; seguranca publica|False
12|Prova 1 - Conhecimentos Gerais|DIREITO CONSTITUCIONAL I|Tributacao e orcamento|Sistema Tributario Nacional; financas publicas|False
13|Prova 1 - Conhecimentos Gerais|DIREITO CONSTITUCIONAL I|Ordem economica e social|Principios gerais da atividade economica; sistema financeiro nacional; seguridade social; disposicoes constitucionais gerais|False
14|Prova 1 - Conhecimentos Gerais|DIREITO CONSTITUCIONAL I|ADCT e Constituicao Estadual|Disposicoes constitucionais transitorias; Constituicao Estadual de Santa Catarina: fundamentos, poderes, funcoes essenciais, administracao publica, servidores|False
1|Prova 1 - Conhecimentos Gerais|DIREITO ADMINISTRATIVO I|Fundamentos|Objeto, fontes, conceito; regime juridico-administrativo; principios do direito administrativo e da administracao publica|False
2|Prova 1 - Conhecimentos Gerais|DIREITO ADMINISTRATIVO I|Organizacao administrativa|Administracao direta e indireta; descentralizacao e desconcentracao; orgaos publicos; autarquias, agencias, fundacoes, empresas publicas, sociedades de economia mista, entidades paraestatais|False
3|Prova 1 - Conhecimentos Gerais|DIREITO ADMINISTRATIVO I|Agentes publicos|Cargos, empregos e funcoes; regime constitucional e legal; provimento; direitos, deveres e responsabilidades; infracoes e sancoes|False
4|Prova 1 - Conhecimentos Gerais|DIREITO ADMINISTRATIVO I|Competencia administrativa|Conceito e criterios; avocacao e delegacao; ausencia de competencia; agente de fato|False
5|Prova 1 - Conhecimentos Gerais|DIREITO ADMINISTRATIVO I|Atos administrativos|Conceito, requisitos, elementos, atributos e classificacao; especies; fatos administrativos; validade, eficacia e autoexecutoriedade; silencio administrativo|False
6|Prova 1 - Conhecimentos Gerais|DIREITO ADMINISTRATIVO I|Nulidades e extincao|Atos simples, complexos e compostos; unilaterais, bilaterais e multilaterais; vinculados e discricionarios; merito; ato inexistente; nulidades, vicios; motivos determinantes; cassacao, revogacao, anulacao e convalidacao|False
7|Prova 1 - Conhecimentos Gerais|DIREITO ADMINISTRATIVO I|Poderes da administracao|Poder hierarquico, normativo, regulamentar, disciplinar e de policia; policia judiciaria e administrativa; limites e atributos|False
8|Prova 1 - Conhecimentos Gerais|DIREITO ADMINISTRATIVO I|Servicos publicos|Conceito, principios, caracteristicas, titularidade, classificacao, garantias; usuario; delegacao: concessao, permissao e autorizacao|False
9|Prova 1 - Conhecimentos Gerais|DIREITO ADMINISTRATIVO I|Parcerias e intervencao|Convenios e consorcios; intervencao no dominio economico; fomento; PPPs; Lei 11.079/2004|False
10|Prova 1 - Conhecimentos Gerais|DIREITO ADMINISTRATIVO I|Controle e improbidade|Controle interno e externo; controle parlamentar e tribunais de contas; controle administrativo e jurisdicional; improbidade administrativa; Lei 8.429/1992|False
11|Prova 1 - Conhecimentos Gerais|DIREITO ADMINISTRATIVO I|Responsabilidade do Estado|Evolucao, fundamentos, teorias subjetivas e objetivas; responsabilidade por atos da administracao; reparacao|False
12|Prova 1 - Conhecimentos Gerais|DIREITO ADMINISTRATIVO I|Legislacao estadual|Lei 6.745/1985 (Estatuto dos Servidores); Portaria SEF 006/2012 (Codigo de Etica); LC 189/2000; LC 442/2009|False
1|Prova 1 - Conhecimentos Gerais|DIREITO CIVIL, EMPRESARIAL E PENAL|Direito civil - bases|Lei: vigencia; aplicacao e conflitos no tempo e espaco; integracao e interpretacao; principios juridicos; LINDB|False
2|Prova 1 - Conhecimentos Gerais|DIREITO CIVIL, EMPRESARIAL E PENAL|Direito civil - pessoas e bens|Pessoas naturais e juridicas; direitos de personalidade; associacoes; fundacoes; domicilio; bens|False
3|Prova 1 - Conhecimentos Gerais|DIREITO CIVIL, EMPRESARIAL E PENAL|Direito civil - fatos e negocios|Fatos juridicos; negocio juridico; atos juridicos licitos e ilicitos; prescricao e decadencia|False
4|Prova 1 - Conhecimentos Gerais|DIREITO CIVIL, EMPRESARIAL E PENAL|Direito civil - obrigacoes e contratos|Modalidades de obrigacoes; contratos em geral; extincao do contrato; compra e venda; doacao; atos unilaterais; titulos de credito; responsabilidade civil|False
5|Prova 1 - Conhecimentos Gerais|DIREITO CIVIL, EMPRESARIAL E PENAL|Direito civil - coisas, familia e sucessoes|Direito das coisas; direito de familia; direito patrimonial; direito das sucessoes|False
6|Prova 1 - Conhecimentos Gerais|DIREITO CIVIL, EMPRESARIAL E PENAL|Direito empresarial|Empresa, empresario, registro, nome empresarial, prepostos, escrituracao; sociedades; microempresa e EPP; desconsideracao; Lei 6.404/1976; LC 123/2006; Lei 11.101/2005|False
7|Prova 1 - Conhecimentos Gerais|DIREITO CIVIL, EMPRESARIAL E PENAL|Direito penal|Lei penal no tempo e espaco; crime: conceito, elementos, causalidade, tipicidade, ilicitude, culpabilidade, dolo e culpa; extincao da punibilidade; crimes contra a Administracao Publica; Lei 8.137/1990|False
1|Prova 2 - Conhecimentos Basicos|CONTABILIDADE GERAL|Estrutura conceitual e patrimonio|Estrutura conceitual CFC; patrimonio; equacao fundamental; fatos contabeis e variacoes patrimoniais; sistema de contas|False
2|Prova 2 - Conhecimentos Basicos|CONTABILIDADE GERAL|Escrituracao|Conceito e metodos; partidas dobradas; lancamento contabil; processos; regimes de caixa e competencia|False
3|Prova 2 - Conhecimentos Basicos|CONTABILIDADE GERAL|Ativos e passivos|Ativos: estrutura, classificacao, avaliacao, registros e evidencia; passivos: conceitos, estrutura, classificacao e avaliacao|False
4|Prova 2 - Conhecimentos Basicos|CONTABILIDADE GERAL|Patrimonio liquido|Capital social; ajustes; acoes em tesouraria; prejuizos; reservas; registros e evidencia|False
5|Prova 2 - Conhecimentos Basicos|CONTABILIDADE GERAL|Balancete e resultado|Balancete de verificacao; apuracao do resultado; incorporacao e distribuicao; dividendos e juros sobre capital proprio; reservas|False
6|Prova 2 - Conhecimentos Basicos|CONTABILIDADE GERAL|Operacoes e variacoes|Ganhos e perdas de capital; depreciacao, amortizacao e exaustao; reparo e conservacao; duplicatas descontadas; operacoes financeiras; ajustes a valor presente|False
7|Prova 2 - Conhecimentos Basicos|CONTABILIDADE GERAL|Receitas e despesas antecipadas|Despesas e receitas antecipadas; folha de pagamento; passivo atuarial; depositos judiciais|False
8|Prova 2 - Conhecimentos Basicos|CONTABILIDADE GERAL|Demonstracoes contabeis|Conjunto das demonstracoes; BP; DRE; DRA; DMPL; DFC; DVA; Lei 6.404/76 e NBC atualizadas|False
1|Prova 2 - Conhecimentos Basicos|DIREITO TRIBUTARIO I|Sistema Tributario Nacional|Principios gerais; limitacoes ao poder de tributar; impostos da Uniao, Estados, DF e Municipios; reparticao de receitas|False
2|Prova 2 - Conhecimentos Basicos|DIREITO TRIBUTARIO I|CTN - normas gerais|Competencia tributaria; legislacao tributaria; vigencia e aplicacao; interpretacao e integracao|False
3|Prova 2 - Conhecimentos Basicos|DIREITO TRIBUTARIO I|Obrigacao e responsabilidade|Fato gerador; sujeito ativo e passivo; solidariedade; capacidade tributaria; domicilio; responsabilidade de sucessores e terceiros; infracoes|False
4|Prova 2 - Conhecimentos Basicos|DIREITO TRIBUTARIO I|Credito tributario|Lancamento e modalidades; suspensao; extincao; exclusao; garantias e privilegios; administracao tributaria|False
5|Prova 2 - Conhecimentos Basicos|DIREITO TRIBUTARIO I|Legislacao complementar|LC 87/1996; LC 24/1975; LC 105/2001; LC 123/2006; LC 116/2003; LC 160/2017|False
1|Prova 2 - Conhecimentos Basicos|LEGISLACAO TRIBUTARIA DE SANTA CATARINA I|ICMS|Lei 10.297/1996; RICMS-SC Decreto 2.870/2001 e anexos|False
2|Prova 2 - Conhecimentos Basicos|LEGISLACAO TRIBUTARIA DE SANTA CATARINA I|ITCMD|Lei 13.136/2004; RITCMD-SC Decreto 2.884/2004|False
3|Prova 2 - Conhecimentos Basicos|LEGISLACAO TRIBUTARIA DE SANTA CATARINA I|IPVA|Lei 7.543/1988; RIPVA-SC Decreto 2.993/1989|False
4|Prova 2 - Conhecimentos Basicos|LEGISLACAO TRIBUTARIA DE SANTA CATARINA I|Taxas|Lei 7.541/1988; Regulamento das Taxas Decreto 3.127/1989|False
5|Prova 2 - Conhecimentos Basicos|LEGISLACAO TRIBUTARIA DE SANTA CATARINA I|Normas gerais|Lei 3.938/1966; RNGDT-SC Decreto 22.586/1984|False
6|Prova 2 - Conhecimentos Basicos|LEGISLACAO TRIBUTARIA DE SANTA CATARINA I|Infractions e penalidades|Lei 5.983/1981|False
7|Prova 2 - Conhecimentos Basicos|LEGISLACAO TRIBUTARIA DE SANTA CATARINA I|Resolucoes do Senado|Res. 22/1989 e Res. 13/2012 (aliquotas interestaduais)|False
8|Prova 2 - Conhecimentos Basicos|LEGISLACAO TRIBUTARIA DE SANTA CATARINA I|Ajuste SINIEF|Ajuste SINIEF 19/2012; Decreto 1.319/2012|False
9|Prova 2 - Conhecimentos Basicos|LEGISLACAO TRIBUTARIA DE SANTA CATARINA I|Tribunal Administrativo Tributario|LC 465/2009; Regimento Interno Decreto 3.114/2010|False
10|Prova 2 - Conhecimentos Basicos|LEGISLACAO TRIBUTARIA DE SANTA CATARINA I|Direitos e deveres do contribuinte|LC 313/2005|False
1|Prova 3 - A01 Auditoria e Fiscalizacao|AUDITORIA TRIBUTARIA|Base normativa|Principios de contabilidade; Resolucao CFC 1.282/2010; NBC TA e NBC PA; NBC TA 530|False
2|Prova 3 - A01 Auditoria e Fiscalizacao|AUDITORIA TRIBUTARIA|Procedimentos e testes|Testes de observancia e substantivos; subavaliacao e superavaliacao; evidencias e procedimentos de auditoria|False
3|Prova 3 - A01 Auditoria e Fiscalizacao|AUDITORIA TRIBUTARIA|Fraudes e demonstracoes|Identificacao de fraudes na escrita contabil; demonstracoes contabeis sujeitas a auditoria|False
4|Prova 3 - A01 Auditoria e Fiscalizacao|AUDITORIA TRIBUTARIA|Auditoria no ativo|Ativo circulante e nao circulante; fluxo de caixa; saldo credor; suprimentos; aquisicoes sem origem; baixa ficticia; superavaliacao de estoques; realizavel a longo prazo; investimentos; imobilizado; intangivel|False
5|Prova 3 - A01 Auditoria e Fiscalizacao|AUDITORIA TRIBUTARIA|Auditoria no passivo e PL|Passivo circulante e nao circulante; passivos ficticios; passivos pagos nao baixados; patrimonio liquido; aumento de capital; reservas; subvencoes|False
6|Prova 3 - A01 Auditoria e Fiscalizacao|AUDITORIA TRIBUTARIA|Resultado e escrita fiscal|Receitas e despesas; ocultacao de receitas; superavaliacao de custos; fraudes e erros na escrita fiscal|False
7|Prova 3 - A01 Auditoria e Fiscalizacao|AUDITORIA TRIBUTARIA|EFD e NFe|Auditoria na EFD e NFe; testes nos registros; divergencias fiscais; credito de ICMS; aliquota e base de calculo; substituicao tributaria; operacoes de importacao|False
8|Prova 3 - A01 Auditoria e Fiscalizacao|AUDITORIA TRIBUTARIA|Controle e infracoes|Controle e fiscalizacao do imposto (arts. 47 a 49-A da Lei 10.297/1996); infracoes (arts. 51 a 97 da Lei 10.297/1996)|False
9|Prova 3 - A01 Auditoria e Fiscalizacao|AUDITORIA TRIBUTARIA|Sigilo bancario|LC 105/2001|False
1|Prova 3 - A01 Auditoria e Fiscalizacao|CONTABILIDADE AVANCADA E DE CUSTOS|Contabilidade avancada|Provisoes e contingencias; politicas contabeis; participacoes societarias; equivalencia patrimonial; conversao de demonstracoes; reorganizacao societaria; goodwill e desagio; impairment; debentures; arrendamento mercantil; ativo nao circulante mantido para venda; intangiveis; valor justo; ajuste a valor presente; subvencoes|False
2|Prova 3 - A01 Auditoria e Fiscalizacao|CONTABILIDADE AVANCADA E DE CUSTOS|Contabilidade de custos|Conceitos e classificacoes; sistemas e metodos de custeio; custeio por absorcao e variavel; materiais e mao de obra; custos indiretos; rateio; custeio por ordem e processo; producao conjunta; coprodutos e sucatas; margem de contribuicao; ponto de equilibrio; ABC|False
1|Prova 3 - A01 Auditoria e Fiscalizacao|LEGISLACAO TRIBUTARIA DE SANTA CATARINA II|RICMS-SC e anexos|Lei 10.297/1996; RICMS-SC Decreto 2.870/2001; Anexo 1-A, 2, 3, 5, 6, 9 e 11|False
2|Prova 3 - A01 Auditoria e Fiscalizacao|LEGISLACAO TRIBUTARIA DE SANTA CATARINA II|Normas gerais e TAT|Lei 3.938/1966 e Decreto 22.586/1984; LC 465/2009 e Decreto 3.114/2010|False
1|Prova 3 - A01 Auditoria e Fiscalizacao|TI APLICADA A AUDITORIA TRIBUTARIA|SGBD e modelagem|SGBD; modelo relacional; entidades, atributos, relacionamentos e cardinalidade; chaves primarias e estrangeiras|False
2|Prova 3 - A01 Auditoria e Fiscalizacao|TI APLICADA A AUDITORIA TRIBUTARIA|SQL basico|Consulta, WHERE, operadores logicos, LIKE, IN, ordenacao, agrupamento e joins|False
3|Prova 3 - A01 Auditoria e Fiscalizacao|TI APLICADA A AUDITORIA TRIBUTARIA|EFD e NFe|Estrutura da EFD ICMS/IPI v2.0.22 e XML NFe v6.0; relacionamentos entre registros 0000, 0150, 0200, 0220, C100, C170, C176, C195, C197, C400, C405, C420, C425, Blocos E e H, e grupos B, C, D, H, I, M, N e W|False
4|Prova 3 - A01 Auditoria e Fiscalizacao|TI APLICADA A AUDITORIA TRIBUTARIA|DW e BI|Data Warehousing, Data Mining e Business Intelligence|False
3|Prova 3 - B02 Gestao Tributaria|LEGISLACAO TRIBUTARIA DE SANTA CATARINA II|RICMS-SC e anexos|Lei 10.297/1996; RICMS-SC Decreto 2.870/2001; Anexos 1-A, 2, 3, 5 e 6|False
4|Prova 3 - B02 Gestao Tributaria|LEGISLACAO TRIBUTARIA DE SANTA CATARINA II|ITCMD e IPVA|Lei 13.136/2004 e Decreto 2.884/2004; Lei 7.543/1988 e Decreto 2.993/1989|False
5|Prova 3 - B02 Gestao Tributaria|LEGISLACAO TRIBUTARIA DE SANTA CATARINA II|Taxas e normas gerais|Lei 7.541/1988 e Decreto 3.127/1989; Lei 3.938/1966 e Decreto 22.586/1984|False
6|Prova 3 - B02 Gestao Tributaria|LEGISLACAO TRIBUTARIA DE SANTA CATARINA II|Tribunal Administrativo Tributario|LC 465/2009 e Decreto 3.114/2010|False
1|Prova 3 - B02 Gestao Tributaria|DIREITO TRIBUTARIO II|Fundamentos e fontes|Estado e poder de tributar; conceito, fontes e principios; relacao com direito privado; jurisprudencia do STF|False
2|Prova 3 - B02 Gestao Tributaria|DIREITO TRIBUTARIO II|Norma tributaria e legalidade|Natureza, especies, vigencia e aplicacao; interpretacao e integracao; legalidade tributaria|False
3|Prova 3 - B02 Gestao Tributaria|DIREITO TRIBUTARIO II|Obrigacao, credito e responsabilidade|Obrigacao tributaria; sujeitos; solidariedade; credito tributario; lancamento; revisao; suspensao; extincao; exclusao; prescricao e decadencia; repeticao do indebito; responsabilidade|False
4|Prova 3 - B02 Gestao Tributaria|DIREITO TRIBUTARIO II|Garantias e administracao|Garantias e privilegios; fiscalizacao; divida ativa; certidoes; cadastro; sigilo fiscal|False
5|Prova 3 - B02 Gestao Tributaria|DIREITO TRIBUTARIO II|Sistema Tributario Nacional|Principios gerais; limitacoes; impostos; reparticao; imunidades; modulacao e coisa julgada em materia tributaria|False
6|Prova 3 - B02 Gestao Tributaria|DIREITO TRIBUTARIO II|Politica fiscal e interpretacao|Politica fiscal; abuso de formas; interpretacao economica do direito tributario|False
7|Prova 3 - B02 Gestao Tributaria|DIREITO TRIBUTARIO II|Legislacao complementar|LC 87/1996; LC 24/1975; LC 105/2001; LC 123/2006; LC 116/2003; LC 160/2017|False
1|Prova 3 - B02 Gestao Tributaria|DIREITO PROCESSUAL TRIBUTARIO|Principios e processo administrativo|Principios: legalidade, igualdade, oficialidade, formalismo moderado, verdade material, devido processo, contraditorio, ampla defesa, presuncao de legitimidade e preclusao; processo administrativo tributario em SC|False
2|Prova 3 - B02 Gestao Tributaria|DIREITO PROCESSUAL TRIBUTARIO|Processo administrativo em SC|LC 465/2009 e Decreto 3.114/2010; LC 313/2005; consulta: Lei 3.938/1966, Decreto 22.586/1984 e Portaria SEF 226/2001|False
3|Prova 3 - B02 Gestao Tributaria|DIREITO PROCESSUAL TRIBUTARIO|Processo judicial tributario|Acao declaratoria, anulacao, mandado de seguranca, repeticao de indebito, consignacao, embargos a execucao fiscal, excecao de pre-executividade, medida cautelar fiscal, recursos; CTN; LEF 6.830/1980; LMS 12.016/2009|False
1|Prova 3 - B02 Gestao Tributaria|DIREITO PROCESSUAL CIVIL|Teoria geral e normas|Direitos processuais fundamentais; disposicoes finais do CPC/2015; politica de tratamento adequado; funcao jurisdicional; cooperacao|False
2|Prova 3 - B02 Gestao Tributaria|DIREITO PROCESSUAL CIVIL|Acoes e pressupostos|Teoria da acao; pressupostos processuais; competencia; sujeitos do processo; deveres e responsabilidade por dano processual; desconsideracao da personalidade juridica|False
3|Prova 3 - B02 Gestao Tributaria|DIREITO PROCESSUAL CIVIL|Atos processuais|Processo eletronico; tempo e lugar; prazos; comunicacoes; citacao; cartas; intimacoes; nulidades; preclusao; cognicao|False
4|Prova 3 - B02 Gestao Tributaria|DIREITO PROCESSUAL CIVIL|Tutela provisoria e provas|Tutela provisoria contra a Fazenda Publica; teoria geral da prova; meios de prova; prova ilicita; onus da prova; procedimento probatorio|False
5|Prova 3 - B02 Gestao Tributaria|DIREITO PROCESSUAL CIVIL|Recursos e execucao|Teoria geral dos recursos e recursos em especie; execucao em geral; execucao contra a Fazenda Publica; embargos e defesas|False
6|Prova 3 - B02 Gestao Tributaria|DIREITO PROCESSUAL CIVIL|Mandado de seguranca|Lei 12.016/2009|False
1|Prova 3 - B02 Gestao Tributaria|DIREITO CIVIL E EMPRESARIAL II|Direito civil|Lei e LINDB; pessoas naturais e juridicas; bens; fatos juridicos; negocio juridico; atos licitos e ilicitos; prescricao e decadencia; obrigacoes e contratos; compra e venda; doacao; atos unilaterais; titulos de credito; responsabilidade civil; direito das coisas; familia; sucessoes|False
2|Prova 3 - B02 Gestao Tributaria|DIREITO CIVIL E EMPRESARIAL II|Direito empresarial|Empresa e empresario; registro; MEI e pequeno empresario; EIRELI; sociedades; desconsideracao; sociedade simples e limitada; sociedades cooperativas; dissolucao e transformacao; estabelecimento; nome empresarial; escrituracao; sociedade anonima; Lei 13.303/2016; Lei 11.101/2005; contratos empresariais|False
1|Prova 3 - B02 Gestao Tributaria|DIREITO ADMINISTRATIVO II E CONSTITUCIONAL II|Direito administrativo II|Conteudo de Direito Administrativo I; Lei 6.745/1985; Portaria SEF 006/2012; LC 189/2000; LC 442/2009|False
2|Prova 3 - B02 Gestao Tributaria|DIREITO ADMINISTRATIVO II E CONSTITUCIONAL II|Direito constitucional II|Conteudo de Direito Constitucional I; Constituicao Estadual de Santa Catarina|False
7|Prova 3 - C03 Tecnologia da Informacao|LEGISLACAO TRIBUTARIA DE SANTA CATARINA II|Aspectos legais|Lei 10.297/1996; RICMS-SC Decreto 2.870/2001; Anexos 1-A, 3, 5, 6, 9 e 11; Lei 3.938/1966; Decreto 22.586/1984; Manual NFe v6.0; Guia Pratico EFD ICMS IPI v2.0.22; LC 465/2009 e Decreto 3.114/2010|False
1|Prova 3 - C03 Tecnologia da Informacao|TECNOLOGIAS DA INFORMACAO|Programacao e engenharia|Programacao e logica em C#; .NET Framework; algoritmos; estruturas de dados; OO; programacao funcional e estruturada; ASP.NET; JavaScript, HTML5 e CSS3; Web services REST, SOAP e WebApi; refactoring|False
2|Prova 3 - C03 Tecnologia da Informacao|TECNOLOGIAS DA INFORMACAO|Teste e qualidade|Testes unitarios, de modulo, integracao; TDD; integracao continua; controle de versao|False
3|Prova 3 - C03 Tecnologia da Informacao|TECNOLOGIAS DA INFORMACAO|Requisitos|Requisitos funcionais e nao funcionais; elicitacao; gerenciamento; especificacao; validacao|False
4|Prova 3 - C03 Tecnologia da Informacao|TECNOLOGIAS DA INFORMACAO|Banco de dados Oracle|Projeto de BD; MER; Oracle 12c e 11g; PL/SQL; DML e DDL; acesso a dados; deadlock e performance; otimizacao de queries; procedimentos, funcoes, triggers, views, pacotes; seguranca|False
5|Prova 3 - C03 Tecnologia da Informacao|TECNOLOGIAS DA INFORMACAO|Ciencia de dados e BI|Data Warehouse, OLAP, Data Mining, ETL e BI; big data; conceitos e estrategias|False
6|Prova 3 - C03 Tecnologia da Informacao|TECNOLOGIAS DA INFORMACAO|Seguranca da informacao|CIA e autenticidade; classificacao; seguranca fisica e logica; seguranca web; criptografia; certificados digitais; hash e autenticacao; criptografia simetrica e assimetrica|False
7|Prova 3 - C03 Tecnologia da Informacao|TECNOLOGIAS DA INFORMACAO|Redes e infraestrutura|Redes de computadores; OSI e TCP/IP; cabeamento; Wi-Fi; HTTP, HTTPS, TCP, UDP, IP; interconexao; servidores web e proxy; DNS; Windows Server e Linux; interoperabilidade|False
8|Prova 3 - C03 Tecnologia da Informacao|TECNOLOGIAS DA INFORMACAO|Cloud e virtualizacao|Cloud computing; virtualizacao; administracao e seguranca; fundamentos de DevOps|False
